Link,Yorum
https://www.trendyol.com/lenovo/ideapad-slim3-intel-core-i5-12450h-8gb-512gb-ssd-dos-15-6-fhd-arctic-grey-laptop-83er000wtr-p-772120068?boutiqueId=61&merchantId=454192,"ÃœrÃ¼n gÃ¼zel performans de fena deÄŸil, ÅŸÄ±k bir Ã¼rÃ¼n"
https://www.trendyol.com/lenovo/ideapad-slim3-intel-core-i5-12450h-8gb-512gb-ssd-dos-15-6-fhd-arctic-grey-laptop-83er000wtr-p-772120068?boutiqueId=61&merchantId=454192,Ã‡ok hÄ±zlÄ± ve iyi paketlenmiÅŸ geldi fiyatÄ±na gÃ¶re gayet iyi bir cihaz
https://www.trendyol.com/lenovo/ideapad-slim3-intel-core-i5-12450h-8gb-512gb-ssd-dos-15-6-fhd-arctic-grey-laptop-83er000wtr-p-772120068?boutiqueId=61&merchantId=454192,Kargolama harika Ã¼rÃ¼n gayet iyi teÅŸekkÃ¼rler
https://www.trendyol.com/lenovo/ideapad-slim3-intel-core-i5-12450h-8gb-512gb-ssd-dos-15-6-fhd-arctic-grey-laptop-83er000wtr-p-772120068?boutiqueId=61&merchantId=454192,ÃœrÃ¼n Ã§ok hÄ±zlÄ± ve Ã§ok saÄŸlam paketlenmiÅŸ ÅŸekild elime ulaÅŸtÄ± memnunum tavsiye ederim iÅŸlemcisi Ã§ok iyi
https://www.trendyol.com/lenovo/ideapad-slim3-intel-core-i5-12450h-8gb-512gb-ssd-dos-15-6-fhd-arctic-grey-laptop-83er000wtr-p-772120068?boutiqueId=61&merchantId=454192,"Ã¼rÃ¼n Ã§ok zarif, kibar bir Ã¼rÃ¼n. HafÄ±zasÄ± iÅŸlemcisi de benim iÃ§in gayet yeterli. Ben Windows 10 yÃ¼kledim, Ã§ok memnunum. Herkese tavsiye ederim"
https://www.trendyol.com/vorcom/10-1-inc-4-gb-ram-64-gb-hafiza-1280-800-ips-ekran-8-cekirdek-islemcili-sxpro-siyah-tablet-p-52231931?boutiqueId=61&merchantId=519473,gerÃ§ek Ã§ok gÃ¼zel kÄ±zÄ±ma aldÄ±m Ã§ok beÄŸendi ve paketlemesi Ã§ok ve hÄ±zlÄ± teslimat iÃ§inde Ã§ok teÅŸekkÃ¼rler biz kÃ¼Ã§Ã¼k birÅŸey bekliyordun gayet bÃ¼yÃ¼k geldi kÃ¼Ã§Ã¼k hediye iÃ§in teÅŸekkÃ¼rler
https://www.trendyol.com/vorcom/10-1-inc-4-gb-ram-64-gb-hafiza-1280-800-ips-ekran-8-cekirdek-islemcili-sxpro-siyah-tablet-p-52231931?boutiqueId=61&merchantId=519473,Kizim iÃ§in almÄ±ÅŸtÄ±m Paketleme harikaydÄ±. SatÄ±cÄ±ya ayrÄ±ca kulaklÄ±k iÃ§in tÅŸk ediyorum zamanÄ±nda ve hÄ±zlÄ± bir ÅŸekilde elimize geldi tablet performans aÃ§Ä±sÄ±ndan Ã§ok iyi ve bÃ¼yÃ¼klÃ¼k olarakta Ã§ok iyi herkese tavsiye ederim gÃ¶nÃ¼l rahatlÄ±ÄŸÄ±yla alabilirsiniz .
https://www.trendyol.com/vorcom/10-1-inc-4-gb-ram-64-gb-hafiza-1280-800-ips-ekran-8-cekirdek-islemcili-sxpro-siyah-tablet-p-52231931?boutiqueId=61&merchantId=519473,iki ay gibi bir sÃ¼re oldu alalÄ± beklediÄŸimden bÃ¼yÃ¼k ve sorunsuz bir ÅŸekilde geldi Ã§ocuklarÄ±m Ã§ok sevdi kullanÄ±ÅŸlÄ± gÃ¼zel bir Ã¼rÃ¼n rahatlÄ±kla alabilirsiniz herhangi bir sorunu yok
https://www.trendyol.com/vorcom/10-1-inc-4-gb-ram-64-gb-hafiza-1280-800-ips-ekran-8-cekirdek-islemcili-sxpro-siyah-tablet-p-52231931?boutiqueId=61&merchantId=519473,tablet kutusuyla birlikte geldi Ã§ok gÃ¼zel ve kullanÄ±ÅŸlÄ± bir Ã¼rÃ¼n yanÄ±nda kulaklÄ±k hediye ettiler ÅŸarj aleti ile birlikte gÃ¶nderildi.KÄ±zÄ±m severek kullanÄ±yor.
https://www.trendyol.com/vorcom/10-1-inc-4-gb-ram-64-gb-hafiza-1280-800-ips-ekran-8-cekirdek-islemcili-sxpro-siyah-tablet-p-52231931?boutiqueId=61&merchantId=519473,BeklediÄŸimdem daha bÃ¼yÃ¼k geldi. Paketleme Ã§ok iyidi. Kargo Ã§ok hÄ±zlÄ±ydÄ± dÃ¼n aldÄ±m bugun sorunsuz bir ÅŸekilde ulaÅŸtÄ±. ÃœrÃ¼n performans Ã¼rÃ¼ndÃ¼r. KamerasÄ± Ã§ok iyi deyil. KÃ¼Ã§Ã¼k hediyeniz iÃ§inde teÅŸekkÃ¼r ederim
https://www.trendyol.com/apple/ipad-mini-6-nesil-64-gb-8-3-wi-fi-mor-tablet-apple-turkiye-garantili-p-165271803?boutiqueId=638145&merchantId=968&advertItems=eyJhZHZlcnRJZCI6ImM3NjAwYWVkLTg1NTgtNGQ5OC05NTIzLTBkMTFmOTA5MDNmOSIsInNvcnRpbmdTY29yZSI6MC4yNzY5NTc4MDIyMzIzNTQ5LCJhZFNjb3JlIjowLjAzOTkwMTcxNDc3MTk4NjAxLCJhZFNjb3JlcyI6eyIxIjowLjAzOTkwMTcxNDc3MTk4NjAxLCIyIjowLjAzOTkwMTcxNDc3MTk4NjAxfSwiY3BjIjo2Ljk0MSwibWluQ3BjIjowLjAxLCJlQ3BjIjo2LjAxNTY2NDMwNDczMjg3NywiYWR2ZXJ0U2xvdCI6MSwib3JkZXIiOjIsImF0dHJpYnV0ZXMiOiIifQ==,Ã‡ok gÃ¼zel ama en iyi
https://www.trendyol.com/apple/ipad-mini-6-nesil-64-gb-8-3-wi-fi-mor-tablet-apple-turkiye-garantili-p-165271803?boutiqueId=638145&merchantId=968&advertItems=eyJhZHZlcnRJZCI6ImM3NjAwYWVkLTg1NTgtNGQ5OC05NTIzLTBkMTFmOTA5MDNmOSIsInNvcnRpbmdTY29yZSI6MC4yNzY5NTc4MDIyMzIzNTQ5LCJhZFNjb3JlIjowLjAzOTkwMTcxNDc3MTk4NjAxLCJhZFNjb3JlcyI6eyIxIjowLjAzOTkwMTcxNDc3MTk4NjAxLCIyIjowLjAzOTkwMTcxNDc3MTk4NjAxfSwiY3BjIjo2Ljk0MSwibWluQ3BjIjowLjAxLCJlQ3BjIjo2LjAxNTY2NDMwNDczMjg3NywiYWR2ZXJ0U2xvdCI6MSwib3JkZXIiOjIsImF0dHJpYnV0ZXMiOiIifQ==,Renk Ã§ok hoÅŸ beklediÄŸimden daha gÃ¼zel. sorunsuz ÅŸekilde elime ulaÅŸtÄ± teÅŸekkÃ¼r ederim â¤ï¸
https://www.trendyol.com/apple/ipad-mini-6-nesil-64-gb-8-3-wi-fi-mor-tablet-apple-turkiye-garantili-p-165271803?boutiqueId=638145&merchantId=968&advertItems=eyJhZHZlcnRJZCI6ImM3NjAwYWVkLTg1NTgtNGQ5OC05NTIzLTBkMTFmOTA5MDNmOSIsInNvcnRpbmdTY29yZSI6MC4yNzY5NTc4MDIyMzIzNTQ5LCJhZFNjb3JlIjowLjAzOTkwMTcxNDc3MTk4NjAxLCJhZFNjb3JlcyI6eyIxIjowLjAzOTkwMTcxNDc3MTk4NjAxLCIyIjowLjAzOTkwMTcxNDc3MTk4NjAxfSwiY3BjIjo2Ljk0MSwibWluQ3BjIjowLjAxLCJlQ3BjIjo2LjAxNTY2NDMwNDczMjg3NywiYWR2ZXJ0U2xvdCI6MSwib3JkZXIiOjIsImF0dHJpYnV0ZXMiOiIifQ==,Ã¼rÃ¼n gayet guzek duruyor
https://www.trendyol.com/apple/ipad-mini-6-nesil-64-gb-8-3-wi-fi-mor-tablet-apple-turkiye-garantili-p-165271803?boutiqueId=638145&merchantId=968&advertItems=eyJhZHZlcnRJZCI6ImM3NjAwYWVkLTg1NTgtNGQ5OC05NTIzLTBkMTFmOTA5MDNmOSIsInNvcnRpbmdTY29yZSI6MC4yNzY5NTc4MDIyMzIzNTQ5LCJhZFNjb3JlIjowLjAzOTkwMTcxNDc3MTk4NjAxLCJhZFNjb3JlcyI6eyIxIjowLjAzOTkwMTcxNDc3MTk4NjAxLCIyIjowLjAzOTkwMTcxNDc3MTk4NjAxfSwiY3BjIjo2Ljk0MSwibWluQ3BjIjowLjAxLCJlQ3BjIjo2LjAxNTY2NDMwNDczMjg3NywiYWR2ZXJ0U2xvdCI6MSwib3JkZXIiOjIsImF0dHJpYnV0ZXMiOiIifQ==,"5 yÄ±ldÄ±zÄ±m satÄ±cÄ±ya, Ã§ok teÅŸekkÃ¼r ederiz ilginiz iÃ§in. tablet hakkÄ±nda yorum yapacak olursam bataryasÄ±nÄ±n Ã§ok az Ã¶mÃ¼rlÃ¼ olduÄŸunu sÃ¶yleyebilirim. ipad 8. nesil kullanÄ±yordum bundan Ã¶nce, 4 yÄ±lÄ± oldu ve bataryasÄ±nÄ±n Ã¶mrÃ¼ azaldÄ± bu yÃ¼zden deÄŸiÅŸtirmek istedim ancak 4 yÄ±l kullanÄ±lmÄ±ÅŸ tabletle bu tabletin bataryalarÄ±nÄ±n aynÄ± olduÄŸunu sÃ¶yleyebilirim 3 saatte ÅŸarjÄ± bitiyor ipad miniâ€™nin. iyi yanÄ± ÅŸarjÄ±nÄ±n dolumu Ã§ok hÄ±zlÄ± o aÃ§Ä±dan dengeliyor."
https://www.trendyol.com/apple/ipad-mini-6-nesil-64-gb-8-3-wi-fi-mor-tablet-apple-turkiye-garantili-p-165271803?boutiqueId=638145&merchantId=968&advertItems=eyJhZHZlcnRJZCI6ImM3NjAwYWVkLTg1NTgtNGQ5OC05NTIzLTBkMTFmOTA5MDNmOSIsInNvcnRpbmdTY29yZSI6MC4yNzY5NTc4MDIyMzIzNTQ5LCJhZFNjb3JlIjowLjAzOTkwMTcxNDc3MTk4NjAxLCJhZFNjb3JlcyI6eyIxIjowLjAzOTkwMTcxNDc3MTk4NjAxLCIyIjowLjAzOTkwMTcxNDc3MTk4NjAxfSwiY3BjIjo2Ljk0MSwibWluQ3BjIjowLjAxLCJlQ3BjIjo2LjAxNTY2NDMwNDczMjg3NywiYWR2ZXJ0U2xvdCI6MSwib3JkZXIiOjIsImF0dHJpYnV0ZXMiOiIifQ==,ÃœrÃ¼n gayet gÃ¼zel memnun kaldÄ±m alacaklara tavsiye ederim
https://www.trendyol.com/samsung/galaxy-tab-a9-64-gb-graphite-samsung-turkiye-garantili-p-767487787?boutiqueId=61&merchantId=787811,OÄŸlum iÃ§in aldÄ±m Ã§ok beÄŸendi teÅŸekkÃ¼r ederim.
https://www.trendyol.com/samsung/galaxy-tab-a9-64-gb-graphite-samsung-turkiye-garantili-p-767487787?boutiqueId=61&merchantId=787811,KardeÅŸim iÃ§in aldÄ±m memnunuz
https://www.trendyol.com/samsung/galaxy-tab-a9-64-gb-graphite-samsung-turkiye-garantili-p-767487787?boutiqueId=61&merchantId=787811,oÄŸlum iÃ§in almÄ±ÅŸtÄ±m harika
https://www.trendyol.com/samsung/galaxy-tab-a9-64-gb-graphite-samsung-turkiye-garantili-p-767487787?boutiqueId=61&merchantId=787811,cocuklar iÃ§in aldim gayet yeterli hafÄ±zasÄ± is gÃ¶rÃ¼r tavsiye ederim bir puanÄ± ÅŸarj  aleti iÃ§in kÄ±rdÄ±m
https://www.trendyol.com/samsung/galaxy-tab-a9-64-gb-graphite-samsung-turkiye-garantili-p-767487787?boutiqueId=61&merchantId=787811,FazlasÄ±yla beklentimizi karÅŸÄ±ladÄ± sorunsuz geldi
https://www.trendyol.com/samsung/galaxy-tab-a8-3-gb-ram-32-gb-hafiza-gri-tablet-samsung-turkiye-garantili-p-222492817?boutiqueId=638145&merchantId=968,saglam paketlenmis .hÄ±zlÄ± kargo saticiya ve kargoya tesekkÃ¼r ederiz Ã¼rÃ¼n gayet kaliteli zaten ama bir sorun var â˜†Ã¼rÃ¼n icin hÄ±zlÄ± sarj degl normal sarj aleti gÃ¶ndermisler
https://www.trendyol.com/samsung/galaxy-tab-a8-3-gb-ram-32-gb-hafiza-gri-tablet-samsung-turkiye-garantili-p-222492817?boutiqueId=638145&merchantId=968,SatÄ±cÄ±yÄ± trendyol olarak seÃ§ip aldÄ±m. SaÄŸlam bir ÅŸekilde ulaÅŸtÄ±. Android son sÃ¼rÃ¼m hÄ±zÄ± idare eder bir ÅŸeyler izlemek arada da normal oyunlar oynamak iÃ§in aldÄ±m.
https://www.trendyol.com/samsung/galaxy-tab-a8-3-gb-ram-32-gb-hafiza-gri-tablet-samsung-turkiye-garantili-p-222492817?boutiqueId=638145&merchantId=968,Ã‡ocuklarÄ±m iÃ§in aldÄ±m ses gÃ¶rÃ¼ntÃ¼ kalitesi tam beklediÄŸim gibi Ã¼rÃ¼nÃ¼ Ã§arÅŸamba sipariÅŸ verdim perÅŸembe sabah elime ulaÅŸtÄ± bundan hÄ±zlÄ±sÄ±nÄ± gÃ¶rmedim
https://www.trendyol.com/samsung/galaxy-tab-a8-3-gb-ram-32-gb-hafiza-gri-tablet-samsung-turkiye-garantili-p-222492817?boutiqueId=638145&merchantId=968,ÃœrÃ¼nÃ¼ 16 ÅŸubatta sipariÅŸ verdim 17 ÅŸubatta elime ulaÅŸtÄ± paketlemesi Ã§ok iyiydi herÅŸey iÃ§in teÅŸekkÃ¼r ediyorum trendyol
https://www.trendyol.com/samsung/galaxy-tab-a8-3-gb-ram-32-gb-hafiza-gri-tablet-samsung-turkiye-garantili-p-222492817?boutiqueId=638145&merchantId=968,teslim aldÄ±k.. Ã§ocuÄŸum iÃ§in almÄ±ÅŸtÄ±k memnun kaldÄ±k ... teÅŸekkÃ¼rler Trendyol ğŸ˜Š
https://www.trendyol.com/apple/ipad-pro-6-nesil-1tb-12-9-wi-fi-tablet-uzay-grisi-p-380268911?boutiqueId=638145&merchantId=968&advertItems=eyJhZHZlcnRJZCI6ImM3NjAwYWVkLTg1NTgtNGQ5OC05NTIzLTBkMTFmOTA5MDNmOSIsInNvcnRpbmdTY29yZSI6MC4yMzkyMzcyODY0MzM1Nzc1MywiYWRTY29yZSI6MC4wMzQ0NjcyNjUwMDk4ODAwNjYsImFkU2NvcmVzIjp7IjEiOjAuMDM0NDY3MjY1MDA5ODgwMDY2LCIyIjowLjAzNDQ2NzI2NTAwOTg4MDA2Nn0sImNwYyI6Ni45NDEsIm1pbkNwYyI6MC4wMSwiZUNwYyI6NC43NTc5MzY5MzYxODIyMDgsImFkdmVydFNsb3QiOjIsIm9yZGVyIjo1LCJhdHRyaWJ1dGVzIjoiIn0=,KamerasÄ± Ã§ok iyi deÄŸil.diÄŸer Ã¶zellikler gÃ¼zel.
https://www.trendyol.com/lenovo/ideapad-3-intel-core-i3-1215u-4gb-256gb-ssd-dos-15-6-arctic-grey-laptop-82rk00xbtx-p-772120070?boutiqueId=61&merchantId=640802,fena deÄŸil gÃ¼zel Ã¼rÃ¼n Ã¶ÄŸrenci iÅŸi kibar film izlenir Ã¶dev yapÄ±lÄ±r oyun oynanmaz
https://www.trendyol.com/lenovo/ideapad-3-intel-core-i3-1215u-4gb-256gb-ssd-dos-15-6-arctic-grey-laptop-82rk00xbtx-p-772120070?boutiqueId=61&merchantId=640802,Lenovo her zaman kalitedir.  AlÄ±n falan yani
https://www.trendyol.com/lenovo/ideapad-3-intel-core-i3-1215u-4gb-256gb-ssd-dos-15-6-arctic-grey-laptop-82rk00xbtx-p-772120070?boutiqueId=61&merchantId=640802,ÃœrÃ¼n gÃ¼zel windows 11 programÄ± yÃ¼nlÃ¼ deÄŸil ama
https://www.trendyol.com/lenovo/ideapad-3-intel-core-i3-1215u-4gb-256gb-ssd-dos-15-6-arctic-grey-laptop-82rk00xbtx-p-772120070?boutiqueId=61&merchantId=640802,"ÃœrÃ¼nÃ¼n artÄ±larÄ±: Lenovo kalitesi ve 12. Nesil Ä°ÅŸlemci HÄ±zÄ±, geniÅŸ ekran, hafiflik  ÃœrÃ¼nÃ¼n eksileri: Ekran kalitesi, tek ram slotu olmasÄ± ve anakarta gÃ¶mÃ¼lÃ¼ olmasÄ± nedeniyle ram arttÄ±ramama"
https://www.trendyol.com/lenovo/ideapad-3-intel-core-i3-1215u-4gb-256gb-ssd-dos-15-6-arctic-grey-laptop-82rk00xbtx-p-772120070?boutiqueId=61&merchantId=640802,ÃœrÃ¼n saÄŸlam ÅŸekilde elimize ulaÅŸtÄ± paketleme gÃ¼zeldi
https://www.trendyol.com/samsung/galaxy-tab-a9-plus-64-gb-koyu-gri-tablet-samsung-turkiye-garantili-p-767487808?boutiqueId=61&merchantId=688855,"Ã¶ncelikle ekranla baÅŸlayayÄ±m Ã§ok tatmin edici bir ekran Ã§Ã¶zÃ¼nÃ¼rlÃ¼ÄŸÃ¼ yok tabletin ara yÃ¼zÃ¼nde. baÅŸlarda alÄ±ÅŸamadÄ±m ama sonra gÃ¶zÃ¼m alÄ±ÅŸtÄ± fiyat performans  Ã¼rÃ¼nÃ¼ neticede. youtube 1080p sorunsuz aÃ§Ä±lÄ±yor, blu tv kullanÄ±yorum ve seyir keyfi verdi fp Ã¼rÃ¼nÃ¼ olarak. ama tabii ki Ã¼st segment cihazlar gibi cok iyi HD bir gÃ¶rÃ¼ntÃ¼ bekleyen iÃ§in hayal kÄ±rÄ±klÄ±ÄŸÄ± olacaktÄ±r. video izlemek okuma yapmak iÃ§in ekran bÃ¼yÃ¼klÃ¼ÄŸÃ¼ gayet iyi. ÅŸarj konusunda ise PDF vb okumalar yaparken ÅŸarj pek bitmiyor,  video izlediÄŸimde Ã§abuk bitiyor ve 3 - 3.5 saat gibi de doluyo"
https://www.trendyol.com/samsung/galaxy-tab-a9-plus-64-gb-koyu-gri-tablet-samsung-turkiye-garantili-p-767487808?boutiqueId=61&merchantId=688855,ÃœrÃ¼n gÃ¼zel Ã§ocuÄŸun iÃ§in aldÄ± tereddÃ¼t de kalmÄ±ÅŸtÄ±m ama kapalÄ± kutu
https://www.trendyol.com/samsung/galaxy-tab-a9-plus-64-gb-koyu-gri-tablet-samsung-turkiye-garantili-p-767487808?boutiqueId=61&merchantId=688855,Cok hizli ve saglam geldi tesekkur ediyorum
https://www.trendyol.com/samsung/galaxy-tab-a9-plus-64-gb-koyu-gri-tablet-samsung-turkiye-garantili-p-767487808?boutiqueId=61&merchantId=688855,"Sorunsuz biÅŸekilde geldi ekran boyutu ideal , fiyat performans Ã¼rÃ¼nÃ¼ ğŸ‘"
https://www.trendyol.com/samsung/galaxy-tab-a9-plus-64-gb-koyu-gri-tablet-samsung-turkiye-garantili-p-767487808?boutiqueId=61&merchantId=688855,saglam ve hizki geldi tesekkurler guzel tablet...
https://www.trendyol.com/lenovo/ideapad-gaming-3-15ihu6-intel-core-i7-11370h-16gb-256gb-ssd-1tb-hdd-notebook-82k1012vtx-p-349124564?boutiqueId=61&merchantId=122596&advertItems=eyJhZHZlcnRJZCI6IjVlN2VlYzVhLTQ3ZmMtNGMzNS1hODgzLTA0NmI4ZWE2NmQxMSIsInNvcnRpbmdTY29yZSI6MC4xNjMzMDM3MjgzMjg5NDMyNCwiYWRTY29yZSI6MC4wMzk5NDY3MDUxMDI5MjA1MywiYWRTY29yZXMiOnsiMSI6MC4wMzk5NDY3MDUxMDI5MjA1MywiMiI6MC4wMzk5NDY3MDUxMDI5MjA1M30sImNwYyI6NC4wODgwMzk5OTk5OTk5OTk1LCJtaW5DcGMiOjAuMDEsImVDcGMiOjMuODQyNjM2ODI5NjQ5MjE5NywiYWR2ZXJ0U2xvdCI6Mywib3JkZXIiOjgsImF0dHJpYnV0ZXMiOiIifQ==,"Kargo saÄŸlam geldi ve Ã¼rÃ¼nde hediye mouse ile geldi, Ã§ok teÅŸekkÃ¼r ederiz satÄ±cÄ±ya"
https://www.trendyol.com/lenovo/ideapad1-intel-celeron-n4020-4gb-128gb-dos-15-6-gri-laptop-82v700a8tx-p-773962718?boutiqueId=61&merchantId=110963,Ã‡ok beÄŸendim teÅŸekkÃ¼rler Trendyol
https://www.trendyol.com/lenovo/ideapad1-intel-celeron-n4020-4gb-128gb-dos-15-6-gri-laptop-82v700a8tx-p-773962718?boutiqueId=61&merchantId=110963,kÄ±zÄ±ma.aldik.cok beÄŸendim yiyegime.de aldik
https://www.trendyol.com/lenovo/ideapad1-intel-celeron-n4020-4gb-128gb-dos-15-6-gri-laptop-82v700a8tx-p-773962718?boutiqueId=61&merchantId=110963,PaketleniÅŸinden gayet memnunum emeÄŸi geÃ§enlere teÅŸekkÃ¼rler.
https://www.trendyol.com/lenovo/ideapad1-intel-celeron-n4020-4gb-128gb-dos-15-6-gri-laptop-82v700a8tx-p-773962718?boutiqueId=61&merchantId=110963,paketleme iyiydi hemen kargolandi
https://www.trendyol.com/lenovo/ideapad1-intel-celeron-n4020-4gb-128gb-dos-15-6-gri-laptop-82v700a8tx-p-773962718?boutiqueId=61&merchantId=110963,paketlenmesi gÃ¼zel 1 ay oldu alalÄ± Ã§ok ÅŸÃ¼kÃ¼r hiÃ§ ni sorun Ã§Ä±kmadÄ± daha
https://www.trendyol.com/xiaomi/redmi-pad-se-8-256-gb-tablet-gri-xiaomi-turkiye-garantili-p-770228964?boutiqueId=61&merchantId=190694,Ã§ok gÃ¼zel Ã¼rÃ¼n kÄ±zÄ±ma hediye aldÄ±m  Ã§ok beÄŸendim kablolar da hepsi varğŸ‘ğŸ‘kendine de aynÄ±sÄ±ndan almayÄ± dÃ¼ÅŸÃ¼nÃ¼yorum .satÄ±cÄ±ya teÅŸekkÃ¼r ederim saÄŸlam hasarsÄ±z geldi Ã¼rÃ¼n paketlemede Ã¶zen hÃ¶stermiÅŸler
https://www.trendyol.com/xiaomi/redmi-pad-se-8-256-gb-tablet-gri-xiaomi-turkiye-garantili-p-770228964?boutiqueId=61&merchantId=190694,OÄŸlum iÃ§in almÄ±ÅŸtÄ±k.Gayet beÄŸenerek kullanÄ±yor.Zaten oyun oynamak iÃ§in aldÄ±.Amacina uygun.Fazlasi da var
https://www.trendyol.com/xiaomi/redmi-pad-se-8-256-gb-tablet-gri-xiaomi-turkiye-garantili-p-770228964?boutiqueId=61&merchantId=190694,"2 gÃ¼nde elime sapasaÄŸlam ulaÅŸtÄ±. ÃœrÃ¼n Ã§ok iyi. HÄ±zÄ± yeterli. Bu fiyata alÄ±nabilecek en iyilerden diyebilirim. Ekran boyutunun bÃ¼yÃ¼k olmasÄ±, inceliÄŸi sÃ¼per."
https://www.trendyol.com/xiaomi/redmi-pad-se-8-256-gb-tablet-gri-xiaomi-turkiye-garantili-p-770228964?boutiqueId=61&merchantId=190694,IkÄ± gunde elime ulaÅŸtÄ± paketlemesÄ± de gÃ¼zel oÄŸlum papÃ§i yukledi sorunsuz oynuyor kÄ±zÄ±m doping hafÄ±zaya rahat giriyor ÅŸimdilik memnunum teÅŸekkÃ¼r ederiz
https://www.trendyol.com/xiaomi/redmi-pad-se-8-256-gb-tablet-gri-xiaomi-turkiye-garantili-p-770228964?boutiqueId=61&merchantId=190694,beÄŸeniyorum Ã§ok teÅŸekkÃ¼r ederim kutu gÃ¼zel onur kral
https://www.trendyol.com/monster/abra-a5-v21-1-2-intel-core-i5-12450h-32-gb-ram-1-tb-ssd-6-gb-rtx-3050-freedos-15-6-fhd-144-hz-p-787762724?boutiqueId=61&merchantId=105286,Paketlenmesi Ã§ok iyi kargo da Ã§ok hÄ±zlÄ±ydÄ± Ã§ok memnun kaldÄ±m teÅŸekkÃ¼rler monster
https://www.trendyol.com/monster/abra-a5-v21-1-2-intel-core-i5-12450h-32-gb-ram-1-tb-ssd-6-gb-rtx-3050-freedos-15-6-fhd-144-hz-p-787762724?boutiqueId=61&merchantId=105286,"biraz kullanÄ±p yorum yapmak istedim. sipariÅŸ iki gÃ¼n dolmadan elime ulaÅŸtÄ±. kargolama Ã§ok gÃ¼zeldi. freedos geliyor ama kurulum Ã§ok kolay en az 8 gb flasha win 11 i resmi siteden kurup tabii farklÄ± bir bilgisayardan, monstera flashÄ± takÄ±p boot ile yÃ¼kleyebilirsiniz ayarlar ekranÄ±ndayken flashÄ± takÄ±n ve seÃ§enekleri disable olarak deÄŸiÅŸtirmeyi unutmayÄ±n. Tam bir fiyat performans Ã¼rÃ¼nÃ¼. DÃ¼ÅŸÃ¼nmeden alabilirsiniz. AÃ§amayacaÄŸÄ± bir oyun olmadÄ±ÄŸÄ±nÄ± dÃ¼ÅŸÃ¼nÃ¼yorum. Hediyeler iÃ§in teÅŸekkÃ¼rler :)"
https://www.trendyol.com/monster/abra-a5-v21-1-2-intel-core-i5-12450h-32-gb-ram-1-tb-ssd-6-gb-rtx-3050-freedos-15-6-fhd-144-hz-p-787762724?boutiqueId=61&merchantId=105286,Paketleme gÃ¼zeldi. Hediye Ã§anta ve USB ile geldi. TeÅŸekkÃ¼rler MonsterNotebook
https://www.trendyol.com/monster/abra-a5-v21-1-2-intel-core-i5-12450h-32-gb-ram-1-tb-ssd-6-gb-rtx-3050-freedos-15-6-fhd-144-hz-p-787762724?boutiqueId=61&merchantId=105286,Paketlemesi iyi Ã¶nceden kullanÄ±yorum gayet iyi  kÃ¼Ã§Ã¼k bir sorun mat ekran olduÄŸu iÃ§in aydÄ±nlÄ±k ortamda yansÄ±ma yapÄ±yor
https://www.trendyol.com/monster/abra-a5-v21-1-2-intel-core-i5-12450h-32-gb-ram-1-tb-ssd-6-gb-rtx-3050-freedos-15-6-fhd-144-hz-p-787762724?boutiqueId=61&merchantId=105286,hediye aldÄ±m havalara uÃ§tular Ã§ok gÃ¼zel herkese tavsiye ediyorum ğŸŒ¸
https://www.trendyol.com/acer/aspire3-amd-ryzen-5-7520u-8gb-512gb-ssd-15-6-fhd-windows-11-dizustu-bilgisayar-acer-tr-garantili-p-752965828?boutiqueId=638145&merchantId=968,kÄ±zÄ±ma aldÄ±m gayet memnun.
https://www.trendyol.com/acer/aspire3-amd-ryzen-5-7520u-8gb-512gb-ssd-15-6-fhd-windows-11-dizustu-bilgisayar-acer-tr-garantili-p-752965828?boutiqueId=638145&merchantId=968,Gayet gÃ¼zel Ã§alÄ±ÅŸÄ±yor paketlenmesi vs Ã§ok iyiydi beÄŸendim.
https://www.trendyol.com/acer/aspire3-amd-ryzen-5-7520u-8gb-512gb-ssd-15-6-fhd-windows-11-dizustu-bilgisayar-acer-tr-garantili-p-752965828?boutiqueId=638145&merchantId=968,GÃ¼zel paketlenmiÅŸti teÅŸekkÃ¼r ederim
https://www.trendyol.com/acer/aspire3-amd-ryzen-5-7520u-8gb-512gb-ssd-15-6-fhd-windows-11-dizustu-bilgisayar-acer-tr-garantili-p-752965828?boutiqueId=638145&merchantId=968,ÃœrÃ¼n Ã§ok korunaklÄ± geldi Ã¶ncelikle bundan dolayÄ± teÅŸekkÃ¼rler piyasa fiyatÄ±nÄ±n cidden Ã§ok altÄ±nda bir Ã¼rÃ¼n kargo da hasar gÃ¶rÃ¼rmÃ¼ diye korkmuÅŸtum ama hem koruyucu pat pat hemde Ã§ift kat kartonla sarÄ±lmÄ±ÅŸtÄ± alacaklara tavsiyemdir.!
https://www.trendyol.com/acer/aspire3-amd-ryzen-5-7520u-8gb-512gb-ssd-15-6-fhd-windows-11-dizustu-bilgisayar-acer-tr-garantili-p-752965828?boutiqueId=638145&merchantId=968,"Fiyat performans Ã¼rÃ¼nÃ¼ gerÃ§ekten. Hem iÅŸlerimi yapayÄ±m hem filmimi izleyeyim hem oyunumu oynayayÄ±m bilgisayarÄ±. Paketlemesi de gayet saÄŸlamdÄ±, teÅŸekkÃ¼rler ğŸ‘ğŸ½"
https://www.trendyol.com/honor/pad-x9-4gb-128gb-wifi-11-5-uzay-gri-tablet-p-749119396?boutiqueId=61&merchantId=463574,YÄ±ldÄ±z az verdim yorumlarÄ± okuyorum kÄ±lÄ±f hediye edilmiÅŸ neden bize kÄ±lÄ±f gÃ¶nderilmedi mÃ¼ÅŸteriler eÅŸit davranÄ±lmasÄ± gerekmiyormu
https://www.trendyol.com/honor/pad-x9-4gb-128gb-wifi-11-5-uzay-gri-tablet-p-749119396?boutiqueId=61&merchantId=463574,Minik yeÄŸenime aldÄ±m. Sorunsuz Ã§izgi film izliyor ve oyun oynuyor:)
https://www.trendyol.com/honor/pad-x9-4gb-128gb-wifi-11-5-uzay-gri-tablet-p-749119396?boutiqueId=61&merchantId=463574,Ã¼rÃ¼n gayet iyi baÅŸarÄ±lÄ±  kargo baÅŸarÄ±lÄ±  kÄ±lÄ±f hediyesi iÃ§in ayriyeten teÅŸekkÃ¼rler
https://www.trendyol.com/honor/pad-x9-4gb-128gb-wifi-11-5-uzay-gri-tablet-p-749119396?boutiqueId=61&merchantId=463574,Ã‡ok memnunuz kardeÅŸime aldÄ±k gayet kullanÄ±ÅŸlÄ± kÄ±lÄ±f hediyesiyle geldi
https://www.trendyol.com/honor/pad-x9-4gb-128gb-wifi-11-5-uzay-gri-tablet-p-749119396?boutiqueId=61&merchantId=463574,"ilk defa 11,5 inÃ§lik ekranlÄ± tablet  aldÄ±m baya bÃ¼yÃ¼k geldi bence  film iÃ§in oyun iÃ§in muhteÅŸem zaten oyun tableti gibi"
https://www.trendyol.com/lenovo/ideapad-slim3-amd-ryzen-5-7320u-8gb-256gb-dos-15-6-arctic-grey-laptop-lenovo-turkiye-garantili-p-744554284?boutiqueId=638145&merchantId=968,Ã¶ÄŸrenci indiriminden faydalanmak iÃ§in almÄ±ÅŸtÄ±k ama kargo Ã¼creti faturaya yansÄ±yÄ±nca faydalanamadÄ±k haricinde iyi
https://www.trendyol.com/lenovo/ideapad-slim3-amd-ryzen-5-7320u-8gb-256gb-dos-15-6-arctic-grey-laptop-lenovo-turkiye-garantili-p-744554284?boutiqueId=638145&merchantId=968,Ã‡ok gÃ¼zel beÄŸendim
https://www.trendyol.com/lenovo/ideapad-slim3-amd-ryzen-5-7320u-8gb-256gb-dos-15-6-arctic-grey-laptop-lenovo-turkiye-garantili-p-744554284?boutiqueId=638145&merchantId=968,gÃ¼nÃ¼n ortak kalite tavsiye ederim Yeni bilgisayar kullanmaya baÅŸlayanlar iÃ§in ideal
https://www.trendyol.com/lenovo/ideapad-slim3-amd-ryzen-5-7320u-8gb-256gb-dos-15-6-arctic-grey-laptop-lenovo-turkiye-garantili-p-744554284?boutiqueId=638145&merchantId=968,fiyat performans Ã¼rÃ¼nÃ¼... gÃ¼ndelik iÅŸ okul ofis medya vs iÃ§in oldukÃ§a tatmin edici
https://www.trendyol.com/lenovo/ideapad-slim3-amd-ryzen-5-7320u-8gb-256gb-dos-15-6-arctic-grey-laptop-lenovo-turkiye-garantili-p-744554284?boutiqueId=638145&merchantId=968,BeÄŸendim
https://www.trendyol.com/lenovo/loq-12-nesil-core-i5-12450h-rtx3050-6gb-8gb-512gb-ssd-15-6-w11-p-779236201?boutiqueId=61&merchantId=122596&advertItems=eyJhZHZlcnRJZCI6IjVlN2VlYzVhLTQ3ZmMtNGMzNS1hODgzLTA0NmI4ZWE2NmQxMSIsInNvcnRpbmdTY29yZSI6MC4xMTUxNDU3NTA4Nzg3NTEyNiwiYWRTY29yZSI6MC4wMzM3NDUzMTEyMDA2MTg3NDQsImFkU2NvcmVzIjp7IjEiOjAuMDMzNzQ1MzExMjAwNjE4NzQ0LCIyIjowLjAzMzc0NTMxMTIwMDYxODc0NH0sImNwYyI6My40MTIxOTk5OTk5OTk5OTk1LCJtaW5DcGMiOjAuMDEsImVDcGMiOjMuMTE2NTIwODQ5NDM1MDY0LCJhZHZlcnRTbG90Ijo2LCJvcmRlciI6MTYsImF0dHJpYnV0ZXMiOiIifQ==,Ã§ok gÃ¼zelsin tavsiye ederim
https://www.trendyol.com/lenovo/loq-12-nesil-core-i5-12450h-rtx3050-6gb-8gb-512gb-ssd-15-6-w11-p-779236201?boutiqueId=61&merchantId=122596&advertItems=eyJhZHZlcnRJZCI6IjVlN2VlYzVhLTQ3ZmMtNGMzNS1hODgzLTA0NmI4ZWE2NmQxMSIsInNvcnRpbmdTY29yZSI6MC4xMTUxNDU3NTA4Nzg3NTEyNiwiYWRTY29yZSI6MC4wMzM3NDUzMTEyMDA2MTg3NDQsImFkU2NvcmVzIjp7IjEiOjAuMDMzNzQ1MzExMjAwNjE4NzQ0LCIyIjowLjAzMzc0NTMxMTIwMDYxODc0NH0sImNwYyI6My40MTIxOTk5OTk5OTk5OTk1LCJtaW5DcGMiOjAuMDEsImVDcGMiOjMuMTE2NTIwODQ5NDM1MDY0LCJhZHZlcnRTbG90Ijo2LCJvcmRlciI6MTYsImF0dHJpYnV0ZXMiOiIifQ==,"Grafik tasarÄ±m iÃ§in aldÄ±m Ã¼rÃ¼nÃ¼n kasasÄ± sÃ¼per iki kademe beyaz renk klavye aydÄ±nlatmasÄ± var cihaz gerÃ§ekten Ã§ok gÃ¼Ã§lÃ¼. sessiz modda(fan Ã§alÄ±ÅŸmÄ±yor) gÃ¼Ã§ tasarrufu modu yarÄ± parlaklÄ±kta pil 5 saat gidiyor normal modda 3 saat civarÄ±.oyun oynayacaksÄ±nÄ±z yÃ¼ksek performansta gÃ¼ce takÄ±lÄ± oynamanÄ±z lazÄ±m.Ben oyun oynamadÄ±ÄŸÄ±m iÃ§in pek yorum yapamÄ±yorum ilerde 8GB ram gerekirse eklerim Max 16gb destekliyor ramlar bu modelde 4800 MHz ddr5 sodim  notebook ramÄ± uyumlu Windows 11 Home yÃ¼klÃ¼ olarak geliyor. Ekran kartÄ± 95W 6 gb rtx3050, Ä°ps ekran...Loq Ã§ok ye"
https://www.trendyol.com/lenovo/loq-12-nesil-core-i5-12450h-rtx3050-6gb-8gb-512gb-ssd-15-6-w11-p-779236201?boutiqueId=61&merchantId=122596&advertItems=eyJhZHZlcnRJZCI6IjVlN2VlYzVhLTQ3ZmMtNGMzNS1hODgzLTA0NmI4ZWE2NmQxMSIsInNvcnRpbmdTY29yZSI6MC4xMTUxNDU3NTA4Nzg3NTEyNiwiYWRTY29yZSI6MC4wMzM3NDUzMTEyMDA2MTg3NDQsImFkU2NvcmVzIjp7IjEiOjAuMDMzNzQ1MzExMjAwNjE4NzQ0LCIyIjowLjAzMzc0NTMxMTIwMDYxODc0NH0sImNwYyI6My40MTIxOTk5OTk5OTk5OTk1LCJtaW5DcGMiOjAuMDEsImVDcGMiOjMuMTE2NTIwODQ5NDM1MDY0LCJhZHZlcnRTbG90Ijo2LCJvcmRlciI6MTYsImF0dHJpYnV0ZXMiOiIifQ==,Harika bir bilgisayar ne oyunda ne grafik programlarÄ±nda Ã¼zmÃ¼yor. YalnÄ±zca ram biraz dÃ¼ÅŸÃ¼k onu da yeni bi tane alÄ±p yÃ¼kseltebilirsiniz. Ben aldÄ±ÄŸÄ±mda fiyatÄ± biraz daha dÃ¼ÅŸÃ¼ktÃ¼ fakat dÃ¶nemine gÃ¶re yine Ã§ok iyi fiyat 26k bu yÃ¼zden tercih edilebilir.
https://www.trendyol.com/lenovo/loq-12-nesil-core-i5-12450h-rtx3050-6gb-8gb-512gb-ssd-15-6-w11-p-779236201?boutiqueId=61&merchantId=122596&advertItems=eyJhZHZlcnRJZCI6IjVlN2VlYzVhLTQ3ZmMtNGMzNS1hODgzLTA0NmI4ZWE2NmQxMSIsInNvcnRpbmdTY29yZSI6MC4xMTUxNDU3NTA4Nzg3NTEyNiwiYWRTY29yZSI6MC4wMzM3NDUzMTEyMDA2MTg3NDQsImFkU2NvcmVzIjp7IjEiOjAuMDMzNzQ1MzExMjAwNjE4NzQ0LCIyIjowLjAzMzc0NTMxMTIwMDYxODc0NH0sImNwYyI6My40MTIxOTk5OTk5OTk5OTk1LCJtaW5DcGMiOjAuMDEsImVDcGMiOjMuMTE2NTIwODQ5NDM1MDY0LCJhZHZlcnRTbG90Ijo2LCJvcmRlciI6MTYsImF0dHJpYnV0ZXMiOiIifQ==,"f/p urunu hem oyun hem is icin ideal Ekran kalitesi,mlzme kalitesi cok iyi.bu fiyat bandinda olan cihaz lar arasinda kaliteli"
https://www.trendyol.com/lenovo/loq-12-nesil-core-i5-12450h-rtx3050-6gb-8gb-512gb-ssd-15-6-w11-p-779236201?boutiqueId=61&merchantId=122596&advertItems=eyJhZHZlcnRJZCI6IjVlN2VlYzVhLTQ3ZmMtNGMzNS1hODgzLTA0NmI4ZWE2NmQxMSIsInNvcnRpbmdTY29yZSI6MC4xMTUxNDU3NTA4Nzg3NTEyNiwiYWRTY29yZSI6MC4wMzM3NDUzMTEyMDA2MTg3NDQsImFkU2NvcmVzIjp7IjEiOjAuMDMzNzQ1MzExMjAwNjE4NzQ0LCIyIjowLjAzMzc0NTMxMTIwMDYxODc0NH0sImNwYyI6My40MTIxOTk5OTk5OTk5OTk1LCJtaW5DcGMiOjAuMDEsImVDcGMiOjMuMTE2NTIwODQ5NDM1MDY0LCJhZHZlcnRTbG90Ijo2LCJvcmRlciI6MTYsImF0dHJpYnV0ZXMiOiIifQ==,GÃ¼zel bilgisayar
https://www.trendyol.com/samsung/galaxy-tab-a9-64-gb-navy-samsung-turkiye-garantili-p-767487788?boutiqueId=61&merchantId=656513,sorunsuz bir ÅŸekilde geldi ve beklentimi karÅŸÄ±ladÄ±
https://www.trendyol.com/samsung/galaxy-tab-a9-64-gb-navy-samsung-turkiye-garantili-p-767487788?boutiqueId=61&merchantId=656513,Sorunsuz gÃ¼venilir
https://www.trendyol.com/samsung/galaxy-tab-a9-64-gb-navy-samsung-turkiye-garantili-p-767487788?boutiqueId=61&merchantId=656513,cok ÅŸirin cok beÄŸendik Ã§ocuklarÄ±mla
https://www.trendyol.com/samsung/galaxy-tab-a9-64-gb-navy-samsung-turkiye-garantili-p-767487788?boutiqueId=61&merchantId=656513,yeÄŸenime aldÄ±m van a gitti Ã§ok beÄŸenmiÅŸ kalitesi inceligi Ã¼rÃ¼n gayet kullanÄ±ÅŸlÄ± dÃ¼ÅŸÃ¼nmeden alÄ±n derim
https://www.trendyol.com/samsung/galaxy-tab-a9-64-gb-navy-samsung-turkiye-garantili-p-767487788?boutiqueId=61&merchantId=656513,GÃ¼zel bir model
https://www.trendyol.com/lenovo/tab-m9-32gb-gri-p-741166398?boutiqueId=61&merchantId=107676,Ã‡ok gÃ¼zel ikizlerim iÃ§in aldÄ±m kasma donma hiÃ§ yok ÅŸarjÄ± Ã§ok iyi dayanÄ±yor tavsiye ederim
https://www.trendyol.com/lenovo/tab-m9-32gb-gri-p-741166398?boutiqueId=61&merchantId=107676,"5 yaÅŸÄ±ndaki kÄ±zÄ±m iÃ§in aldÄ±m ama bende bayaÄŸÄ± inceledim. Ã§ok profesyonel olmayacak ÅŸekilde gÃ¼nlÃ¼k iÅŸler olarak her anlamda sizi tatmin edecek bir cihaz. kutusundan kÄ±rÄ±lmaz ekran koruyucu, koruyucu kÄ±lÄ±f, ÅŸarj adaptÃ¶rÃ¼ ve kablosu Ã§Ä±kÄ±yor. yani Ã¼rÃ¼nÃ¼ aldÄ±ktan sonra ek hiÃ§bir masraf yapmadan direkt kullanmaya baÅŸlayabilirsiniz. kurulumu Ã§ok kolay. Google hesabÄ±nÄ±zla direk eÅŸleÅŸme saÄŸlayarak Ã§ok kÄ±sa sÃ¼rede kurulumu tamamlayÄ±p kullanmaya baÅŸlayabilirsiniz. ÅŸarja gelirsek pil kullanÄ±m sÃ¼resi ve dolum sÃ¼resi olarak beni tatmin ettiÄŸini sÃ¶yleyebiliri"
https://www.trendyol.com/lenovo/tab-m9-32gb-gri-p-741166398?boutiqueId=61&merchantId=107676,BeklediÄŸimden bÃ¼yÃ¼k Ã§ok beÄŸendim bir sorun gÃ¶rmedim
https://www.trendyol.com/lenovo/tab-m9-32gb-gri-p-741166398?boutiqueId=61&merchantId=107676,"OÄŸlum iÃ§in aldÄ±m, gayet kullanÄ±ÅŸlÄ±, kurulumu kolay, rahat taÅŸÄ±nabilen, hafif ve amaca yÃ¶nelik kullanÄ±ldÄ±gÄ±nda sizi memnun edebilecek bir Ã¼rÃ¼n. Biz ÅŸimdilik aÅŸk yaÅŸÄ±yoruz kendÄ±sÄ±yle"
https://www.trendyol.com/lenovo/tab-m9-32gb-gri-p-741166398?boutiqueId=61&merchantId=107676,Ã§ocuk iÃ§in aldÄ±m kaliteli
https://www.trendyol.com/samsung/galaxy-tab-s7-fe-wifi-siyah-tablet-samsung-turkiye-garantili-p-154861970?boutiqueId=638145&merchantId=968,"ÃœrÃ¼nÃ¼ bir aydan fazla sÃ¼redir kullanÄ±yorum. Ã‡ok kullanÄ±ÅŸlÄ±, ekran boyutu bÃ¼yÃ¼k olur mu diye dÃ¼ÅŸÃ¼nÃ¼yordum ancak alÄ±ÅŸtÄ±ktan sonra olaÄŸanÃ¼stÃ¼ kullanÄ±ÅŸlÄ± olduÄŸunu farkettim. EkranÄ± baÅŸarÄ±lÄ±, parlaklÄ±ÄŸÄ± genelde yetiyor. Film, video izlerken de Ã§ok baÅŸarÄ±lÄ± kitap okumak iÃ§in de oldukÃ§a rahat ve gÃ¶zÃ¼ yormuyor. 64 gb az geldi bana ama SD card giriÅŸi olduÄŸu iÃ§in problem olmadÄ±. Bazen kullanÄ±mda yavaÅŸlÄ±k oluyor donmalar oluyor ancak Ã§ok aÅŸÄ±rÄ± rahatsÄ±z etmiyor. Ses Ã§Ä±kÄ±ÅŸÄ± (Bluetooth) ve hoparlÃ¶rler inanÄ±lmaz derecede baÅŸarÄ±lÄ±. Cihazla birlikte gelen bazÄ± "
https://www.trendyol.com/samsung/galaxy-tab-s7-fe-wifi-siyah-tablet-samsung-turkiye-garantili-p-154861970?boutiqueId=638145&merchantId=968,Ã¼rÃ¼n sÃ¼per Ã§ok beÄŸendik saÄŸlam bir ÅŸekilde elime ulaÅŸtÄ± satÄ±cÄ± Ä°yi paketlemisti oÄŸluma aldÄ±m elinden dÃ¼ÅŸÃ¼rmÃ¼yor ayrÄ±ca film izlemek Ã§ok keyifli ses kalitesi mÃ¼kemmel kalemide Ã§ok kullanÄ±ÅŸlÄ± indirimdeyken aldÄ±m 6900 TL'ye tavsiye ederim
https://www.trendyol.com/samsung/galaxy-tab-s7-fe-wifi-siyah-tablet-samsung-turkiye-garantili-p-154861970?boutiqueId=638145&merchantId=968,tablet Ã§ok kullanÄ±ÅŸlÄ± okul iÃ§in aldÄ±m. iÃ§indeki bir Ã§ok Ã¶zellik okul iÃ§in ve not tutma iÃ§in Ã§ok iyi gayet yeterli bir Ã¼rÃ¼n tek sorunu hafÄ±zasÄ± o da arttÄ±rÄ±labilir. kalemi de iÃ§inde geliyor ve o da Ã§ok iyi. film ve video izlemekte tabletin boyutundan dolayÄ± daha keyifli. Ã¶zellikle dex modu aÅŸÄ±rÄ± iyi her anlamda ihtiyaÃ§larÄ±mÄ± karÅŸÄ±lÄ±yor. boyutu itibari ile aÄŸÄ±r da deÄŸil fakat taÅŸÄ±mak bazen zor olabiliyor Ã¶zellikle kÄ±lÄ±fla biraz daha bÃ¼yÃ¼k gÃ¶rÃ¼nÃ¼yor bunun dÄ±ÅŸÄ±nda sorunu yok ÅŸarjÄ± da gÃ¼n iÃ§inde aktif kullansanÄ±z dahi yetiyor. sadece kargom biraz ge
https://www.trendyol.com/samsung/galaxy-tab-s7-fe-wifi-siyah-tablet-samsung-turkiye-garantili-p-154861970?boutiqueId=638145&merchantId=968,"Ã‡ok hÄ±zlÄ± ve saÄŸlam bir ÅŸekilde geldi teÅŸekkÃ¼r ederim,severek iÅŸ iÃ§in kullandÄ±ÄŸÄ±m bir tablet kesinlikle tavsiye ederim"
https://www.trendyol.com/samsung/galaxy-tab-s7-fe-wifi-siyah-tablet-samsung-turkiye-garantili-p-154861970?boutiqueId=638145&merchantId=968,Ã§ok gÃ¼zel paketleme ile geldi gayet saÄŸlam ve kaliteli duruyor Ã¶nerilir
https://www.trendyol.com/samsung/galaxy-tab-a9-8-gb-ram-128-gb-grafit-p-784566956?boutiqueId=638145&merchantId=968,gayet gÃ¼zel ve saÄŸlam geldi Ã§ocuÄŸa aldÄ±k yeterli o yÃ¼zden
https://www.trendyol.com/samsung/galaxy-tab-a9-8-gb-ram-128-gb-grafit-p-784566956?boutiqueId=638145&merchantId=968,"Kendim kullanmak iÃ§in aldÄ±m iPad Airâ€™Ä±m ile kÄ±yaslayÄ±nca taÅŸÄ±masÄ± kullanmasÄ± daha rahat ve pratik. 8 GB Ram bÃ¼yÃ¼k bir avantaj uzun vadeli kullanÄ±m iÃ§in toplam 250 uygulamam var senkronizasyonlar falan aÃ§Ä±k ve boÅŸta 4 GB Ram daha gÃ¶rÃ¼nÃ¼yor. EkranÄ± yeterli dizi film ve okumalar iÃ§in ÅŸarjÄ± da iyi gidiyor ama daha da uzatÄ±labilir kiÅŸisel tercihler ile, adaptÃ¶r Ã§Ä±kmÄ±yor. 10w veya  max 15w orijinal samsung adaptÃ¶r ile hÄ±zlÄ± ÅŸarj ediliyor. 8-128 ideal olmuÅŸ memnun kaldÄ±m. Ã‡oÃ§uÄŸa deÄŸilde kendine tablet bakÄ±p kÃ¼Ã§Ã¼k bir cihaz isteyenlere Ã¶neriyorum. Ciha"
https://www.trendyol.com/samsung/galaxy-tab-a9-8-gb-ram-128-gb-grafit-p-784566956?boutiqueId=638145&merchantId=968,sorunsuz elime ulaÅŸtÄ± teÅŸekkÃ¼rler
https://www.trendyol.com/samsung/galaxy-tab-a9-8-gb-ram-128-gb-grafit-p-784566956?boutiqueId=638145&merchantId=968,Ã‡ocuklar iÃ§in aldÄ±k Ã§ok ideal bir boy gayet sevdiler
https://www.trendyol.com/samsung/galaxy-tab-a9-8-gb-ram-128-gb-grafit-p-784566956?boutiqueId=638145&merchantId=968,Sorunsuz elime ulaÅŸtÄ±
https://www.trendyol.com/casper/g870-1265-dxb0x-b-intel-core-i7-12650h-32gb-ram-2tb-nvme-ssd-8gb-rtx4060-freedos-p-672155829?boutiqueId=638145&merchantId=968&advertItems=eyJhZHZlcnRJZCI6ImExY2ExYzQzLWJmY2YtNGMyZC1hYzZlLWNlYzIwMjQxOWUxZiIsInNvcnRpbmdTY29yZSI6MC4xMDEyMjg5MTg1MDc2OTUyLCJhZFNjb3JlIjowLjA0MDkwMDU3MzEzNDQyMjMsImFkU2NvcmVzIjp7IjEiOjAuMDQwOTAwNTczMTM0NDIyMywiMiI6MC4wNDA5MDA1NzMxMzQ0MjIzfSwiY3BjIjoyLjQ3NSwibWluQ3BjIjowLjAxLCJlQ3BjIjoyLjQ1Mjk5NjI1NDA2MTQxMiwiYWR2ZXJ0U2xvdCI6OCwib3JkZXIiOjIyLCJhdHRyaWJ1dGVzIjoiIn0=,Ã§ok gÃ¼Ã§lÃ¼ sisteme sahip ve oyunlarÄ± gayet akÄ±cÄ± ÅŸekilde oynatÄ±yor. ses kalitesi aÅŸÄ±rÄ± iyi
https://www.trendyol.com/casper/g870-1265-dxb0x-b-intel-core-i7-12650h-32gb-ram-2tb-nvme-ssd-8gb-rtx4060-freedos-p-672155829?boutiqueId=638145&merchantId=968&advertItems=eyJhZHZlcnRJZCI6ImExY2ExYzQzLWJmY2YtNGMyZC1hYzZlLWNlYzIwMjQxOWUxZiIsInNvcnRpbmdTY29yZSI6MC4xMDEyMjg5MTg1MDc2OTUyLCJhZFNjb3JlIjowLjA0MDkwMDU3MzEzNDQyMjMsImFkU2NvcmVzIjp7IjEiOjAuMDQwOTAwNTczMTM0NDIyMywiMiI6MC4wNDA5MDA1NzMxMzQ0MjIzfSwiY3BjIjoyLjQ3NSwibWluQ3BjIjowLjAxLCJlQ3BjIjoyLjQ1Mjk5NjI1NDA2MTQxMiwiYWR2ZXJ0U2xvdCI6OCwib3JkZXIiOjIyLCJhdHRyaWJ1dGVzIjoiIn0=,Ä°ndirimde iken almÄ±ÅŸtÄ±k Ã§ok gÃ¼zel istediÄŸimiz bÃ¼tÃ¼n Ã¶zellikler mevvur
https://www.trendyol.com/casper/g870-1265-dxb0x-b-intel-core-i7-12650h-32gb-ram-2tb-nvme-ssd-8gb-rtx4060-freedos-p-672155829?boutiqueId=638145&merchantId=968&advertItems=eyJhZHZlcnRJZCI6ImExY2ExYzQzLWJmY2YtNGMyZC1hYzZlLWNlYzIwMjQxOWUxZiIsInNvcnRpbmdTY29yZSI6MC4xMDEyMjg5MTg1MDc2OTUyLCJhZFNjb3JlIjowLjA0MDkwMDU3MzEzNDQyMjMsImFkU2NvcmVzIjp7IjEiOjAuMDQwOTAwNTczMTM0NDIyMywiMiI6MC4wNDA5MDA1NzMxMzQ0MjIzfSwiY3BjIjoyLjQ3NSwibWluQ3BjIjowLjAxLCJlQ3BjIjoyLjQ1Mjk5NjI1NDA2MTQxMiwiYWR2ZXJ0U2xvdCI6OCwib3JkZXIiOjIyLCJhdHRyaWJ1dGVzIjoiIn0=,PerformansÄ± Ã§ok iyi
https://www.trendyol.com/casper/g870-1265-dxb0x-b-intel-core-i7-12650h-32gb-ram-2tb-nvme-ssd-8gb-rtx4060-freedos-p-672155829?boutiqueId=638145&merchantId=968&advertItems=eyJhZHZlcnRJZCI6ImExY2ExYzQzLWJmY2YtNGMyZC1hYzZlLWNlYzIwMjQxOWUxZiIsInNvcnRpbmdTY29yZSI6MC4xMDEyMjg5MTg1MDc2OTUyLCJhZFNjb3JlIjowLjA0MDkwMDU3MzEzNDQyMjMsImFkU2NvcmVzIjp7IjEiOjAuMDQwOTAwNTczMTM0NDIyMywiMiI6MC4wNDA5MDA1NzMxMzQ0MjIzfSwiY3BjIjoyLjQ3NSwibWluQ3BjIjowLjAxLCJlQ3BjIjoyLjQ1Mjk5NjI1NDA2MTQxMiwiYWR2ZXJ0U2xvdCI6OCwib3JkZXIiOjIyLCJhdHRyaWJ1dGVzIjoiIn0=,Ã¼rÃ¼nÃ¼ Ã§ok beÄŸendim paketleme ve teslimatta Ã§ok iyiydi
https://www.trendyol.com/casper/g870-1265-dxb0x-b-intel-core-i7-12650h-32gb-ram-2tb-nvme-ssd-8gb-rtx4060-freedos-p-672155829?boutiqueId=638145&merchantId=968&advertItems=eyJhZHZlcnRJZCI6ImExY2ExYzQzLWJmY2YtNGMyZC1hYzZlLWNlYzIwMjQxOWUxZiIsInNvcnRpbmdTY29yZSI6MC4xMDEyMjg5MTg1MDc2OTUyLCJhZFNjb3JlIjowLjA0MDkwMDU3MzEzNDQyMjMsImFkU2NvcmVzIjp7IjEiOjAuMDQwOTAwNTczMTM0NDIyMywiMiI6MC4wNDA5MDA1NzMxMzQ0MjIzfSwiY3BjIjoyLjQ3NSwibWluQ3BjIjowLjAxLCJlQ3BjIjoyLjQ1Mjk5NjI1NDA2MTQxMiwiYWR2ZXJ0U2xvdCI6OCwib3JkZXIiOjIyLCJhdHRyaWJ1dGVzIjoiIn0=,"HÄ±zlÄ± ve sorunsuz teslimat, sorunsuz uzun sÃ¼re kullanÄ±r umarÄ±m. TeÅŸekkÃ¼rler."
https://www.trendyol.com/apple/ipad-9-nesil-64-gb-10-2-wi-fi-uzay-grisi-tablet-apple-turkiye-garantili-p-159077147?boutiqueId=621707&merchantId=230839,oÄŸlum iÃ§in aldÄ±m harika
https://www.trendyol.com/apple/ipad-9-nesil-64-gb-10-2-wi-fi-uzay-grisi-tablet-apple-turkiye-garantili-p-159077147?boutiqueId=621707&merchantId=230839,Paketleme gÃ¼zeldi.  Sorunsuz geldi. Ã‡ok beÄŸendik
https://www.trendyol.com/apple/ipad-9-nesil-64-gb-10-2-wi-fi-uzay-grisi-tablet-apple-turkiye-garantili-p-159077147?boutiqueId=621707&merchantId=230839,karne hediyesi aldÄ±m oÄŸluma Ã§ok memnunuz gÃ¶nÃ¼l rahatlÄ±ÄŸÄ±yla sipariÅŸ verebilirsiniz satÄ±cÄ± Ã§ok ilgili
https://www.trendyol.com/apple/ipad-9-nesil-64-gb-10-2-wi-fi-uzay-grisi-tablet-apple-turkiye-garantili-p-159077147?boutiqueId=621707&merchantId=230839,SaÄŸlam geldi Ã¼rÃ¼n zaten iyiydi
https://www.trendyol.com/apple/ipad-9-nesil-64-gb-10-2-wi-fi-uzay-grisi-tablet-apple-turkiye-garantili-p-159077147?boutiqueId=621707&merchantId=230839,Sorunsuz ulaÅŸtÄ± stok yaptÄ±m
